[
  {
    "department_id": "1",
    "department_name_tl": "1. கால்நடை பராமரிப்பு, பால்வளம், மீன்வளம் மற்றும் மீனவர் நலத்துறை",
    "department_name_en": "1. Animal Husbandry, Dairying, Fisheries and Fishermen Welfare Department"
  },
  {
    "department_id": "2",
    "department_name_tl": "2. அண்ணா பல்கலைக்கழகம்",
    "department_name_en": "2. Anna University"
  },
  {
    "department_id": "3",
    "department_name_tl": "3. முதலமைச்சரின் விரிவான மருத்துவக்காப்பீட்டுத்திட்டம்",
    "department_name_en": "3. Cheif Minister Comprehensive Health Insurance Scheme"
  },
  {
    "department_id": "4",
    "department_name_tl": "4. பள்ளிக்கல்வி ஆணையரகம்",
    "department_name_en": "4. Commissionerate of School Education"
  },
  {
    "department_id": "5",
    "department_name_tl": "5. பொது சுகாதாரம் மற்றும் தடுப்பு மருந்து இயக்குநரகம்",
    "department_name_en": "5. Directorate of public health and preventive medicine"
  },
  {
    "department_id":"6",
    "department_name_tl":"6. வேலைவாய்ப்பு மற்றும் பயிற்சி",
    "department_name_en":"6. Employmentand Trainin"
  },
  {
    "department_id":"7",
    "department_name_tl":"7. கிரேட்டர் சென்னை மாநகராட்சி",
    "department_name_en":"7. Greater Chennai Corporation"
  },
  {
    "department_id":"8",
    "department_name_tl":"8. உயர் கல்வித்துறை",
    "department_name_en":"8. Higher Education Department"
  },
  {
    "department_id":"9",
    "department_name_tl":"9. தமிழ்நாடு கலைஞர் மகளிர் உரிமைத ிட்டம்",
    "department_name_en":"9. TamilNadu Kalaingar Magalir Urimai Thittam Scheme"
  },
  {
    "department_id":"10",
    "department_name_tl":"10. மாற்றுத்திறனாளிகள் நலத்துறை்",
    "department_name_en":"10. Welfare of Differently Abled Persons"
  },
  {
    "department_id":"11",
    "department_name_tl":"11. தமிழ்நாடு திறன் மேம்பாட்டுக்கழகம்",
    "department_name_en":"11. TamilNadu skill Development Corporation"
  }
]