[
  {
    "heading_en": "Description",
    "heading_tl": "விளக்கம்",
    "type": "heading"
  },
  {
    "image": "https://www.tnvelaivaaippu.gov.in/images/main-slider/00.jpg",
    "type": "image"
  },
  {
    "description_en": "1. The services of Employment and Training Department were extended to general public by early 1948 which was earlier restricted to demobilized service personnel and discharged war workers after Second World War, through creation of Employment Exchanges.\\n\\n2. The present structure of the organisation and diversification of its functions in the field of Occupational Research, Vocational Guidance and Employment Market Information was based on the recommendation of Shivarao Committee in the year 1954.\\n\\n3. President of India while addressing the Parliament on 09th June, 2014 said...My government will transform employment exchanges into career centres- connecting our youth with job opportunities in a transparent and effective manner through the use of technology as well as through counselling and training...\\n\\n4. Subsequently, the erstwhile District Employment Offices have been transformed as District Employment and Career Guidance Centers based on the Government Order issued on 30.07.2019.",
    "description_tl": "1. வேலைவாய்ப்பு மற்றும் பயிற்சித் துறையின் சேவைகள் 1948 ஆம் ஆண்டின் தொடக்கத்தில் பொது மக்களுக்கு விரிவுபடுத்தப்பட்டன, இது முன்னர் பணியமர்த்தப்பட்ட சேவை பணியாளர்கள் மற்றும் இரண்டாம் உலகப் போருக்குப் பிறகு பணிநீக்கம் செய்யப்பட்ட போர் ஊழியர்களுக்கு, வேலைவாய்ப்பு பரிமாற்றங்களை உருவாக்குவதன் மூலம் கட்டுப்படுத்தப்பட்டது.\\n\\n2. 1954 ஆம் ஆண்டு சிவராவ் கமிட்டியின் பரிந்துரையின் அடிப்படையில் தொழில்சார் ஆராய்ச்சி, தொழில் வழிகாட்டுதல் மற்றும் வேலைவாய்ப்பு சந்தை தகவல் துறையில் அமைப்பின் தற்போதைய அமைப்பு மற்றும் அதன் செயல்பாடுகளின் பல்வகைப்படுத்தல்.\\n\\n3. ஜூன் 09, 2014 அன்று நாடாளுமன்றத்தில் உரையாற்றிய இந்தியக் குடியரசுத் தலைவர் கூறியதாவது...எனது அரசாங்கம் வேலைவாய்ப்புப் பரிமாற்றங்களை தொழில் மையங்களாக மாற்றும்- தொழில்நுட்பத்தைப் பயன்படுத்துவதன் மூலமும் ஆலோசனைகள் மற்றும் பயிற்சியின் மூலம் வெளிப்படைத்தன்மையுடனும் திறமையானதாகவும் வேலை வாய்ப்புகளுடன் நமது இளைஞர்களை இணைக்கும். ...\\n\\n4. இதையடுத்து, 30.07.2019 அன்று வெளியிடப்பட்ட அரசாணையின் அடிப்படையில், முந்தைய மாவட்ட வேலைவாய்ப்பு அலுவலகங்கள், மாவட்ட வேலைவாய்ப்பு மற்றும் தொழில் வழிகாட்டுதல் மையங்களாக மாற்றப்பட்டுள்ளன.",
    "type": "description"
  },
  {
    "heading_en": "Scope",
    "heading_tl": "வாய்ப்பு",
    "type": "heading"
  },
  {
    "description_en": "1. Employment Wing provides consistent guidance to the job seekers and students to explore and achieve their career goals, based on their interest, socio economic status and their real abilities.\\n\\n2. Along with regular methods of counselling this portal introduces emerging counselling techniques catering to the needs of the job seekers and students taking into consideration the domicile of the individual.\\n\\n3. The main objective of the Employment Wing is to improve the employability of job seekers through career guidance, private sector job fairs and coaching for competitive examinations. The District Employment and Career Guidance Centres act as the facilitation point to register for vacancies notified by Government Departments/ Public Sector Undertakings.",
    "description_tl": "1. வேலை தேடுவோர் மற்றும் மாணவர்களின் ஆர்வம், சமூகப் பொருளாதார நிலை மற்றும் அவர்களின் உண்மையான திறன்களின் அடிப்படையில் அவர்களின் தொழில் இலக்குகளை ஆராய்ந்து அடைய, அவர்களுக்கு நிலையான வழிகாட்டுதலை வேலைவாய்ப்பு பிரிவு வழங்குகிறது.\\n\\n2. வழக்கமான ஆலோசனை முறைகளுடன், இந்த போர்டல் தனிநபரின் இருப்பிடத்தை கருத்தில் கொண்டு வேலை தேடுபவர்கள் மற்றும் மாணவர்களின் தேவைகளைப் பூர்த்தி செய்யும் வளர்ந்து வரும் ஆலோசனை நுட்பங்களை அறிமுகப்படுத்துகிறது.\\n\\n3. வேலைவாய்ப்பு பிரிவின் முக்கிய நோக்கம் தொழில் வழிகாட்டுதல், தனியார் துறை வேலை கண்காட்சிகள் மற்றும் போட்டித் தேர்வுகளுக்கான பயிற்சி மூலம் வேலை தேடுபவர்களின் வேலை வாய்ப்பை மேம்படுத்துவதாகும். மாவட்ட வேலைவாய்ப்பு மற்றும் தொழில் வழிகாட்டுதல் மையங்கள் அரசு துறைகள்/பொதுத்துறை நிறுவனங்களால் அறிவிக்கப்பட்ட காலியிடங்களுக்கு பதிவு செய்வதற்கான வசதியாக செயல்படுகின்றன.",
    "type": "description"
  },
  {
    "heading_en": "Activities",
    "heading_tl": "செயல்பாடுகள்",
    "type": "heading"
  },
  {
    "description_en": "1. Registration and Renewal\n2. Sponsoring of candidates to public sector and private sector employers\n3. Career Guidance for job seekers and students\n4. Free coaching classes for competitive examinations through study circles\n5. Conducting of free coaching classes to economically weaker section studying in Universities and affiliated Arts and Science Colleges.\n6. Career talks in educational institutions.\n7. Job fair for private sector placements\n8. Implementation of Unemployment Assistance Scheme\n9. Collecting and compiling Employment Market Information\n10. Provides e-contents for the aspirants of competitive exams through virtual learning portal. https://tamilnaducareerservices.tn.gov.in\n11. Activities based on “an activity – a day” concept.\n12. Private Sector placement through Tamil Nadu private job portal www.tnprivatejobs.tn.gov.in\n13. Registration and guidance for skill training and overseas employment",
    "description_tl": "1. பதிவு மற்றும் புதுப்பித்தல்\n2. பொதுத்துறை மற்றும் தனியார் துறை முதலாளிகளுக்கு வேட்பாளர்களுக்கு நிதியுதவி செய்தல்\n3. வேலை தேடுபவர்கள் மற்றும் மாணவர்களுக்கான தொழில் வழிகாட்டுதல்\n4. படிப்பு வட்டங்கள் மூலம் போட்டித் தேர்வுகளுக்கு இலவச பயிற்சி வகுப்புகள்\n5. பல்கலைக்கழகங்கள் மற்றும் இணைந்த கலை மற்றும் அறிவியல் கல்லூரிகளில் படிக்கும் பொருளாதாரத்தில் பின்தங்கிய பிரிவினருக்கு இலவச பயிற்சி வகுப்புகளை நடத்துதல்.\n6. கல்வி நிறுவனங்களில் தொழில் பேச்சுக்கள்.\n7. தனியார் துறை வேலைவாய்ப்புகளுக்கான வேலை வாய்ப்பு\n8. வேலைவாய்ப்பின்மை உதவித் திட்டத்தை செயல்படுத்துதல்\n9. வேலைவாய்ப்பு சந்தை தகவலை சேகரித்தல் மற்றும் தொகுத்தல்\n10. மெய்நிகர் கற்றல் போர்டல் மூலம் போட்டித் தேர்வுகளை விரும்புவோருக்கு மின் உள்ளடக்கங்களை வழங்குகிறது. https://tamilnaducareerservices.tn.gov.in\n11. \"ஒரு செயல்பாடு - ஒரு நாள்\" கருத்தின் அடிப்படையில் செயல்பாடுகள்.\n12. தமிழ்நாடு தனியார் வேலை வாய்ப்பு இணையதளம் www.tnprivatejobs.tn.gov.in மூலம் தனியார் துறை வேலைவாய்ப்பு\n13. திறன் பயிற்சி மற்றும் வெளிநாட்டு வேலைவாய்ப்புக்கான பதிவு மற்றும் வழிகாட்டுதல்",
    "type": "description"
  },
  {
    "heading_en": "Schemes",
    "heading_tl": "திட்டங்கள்",
    "type": "heading"
  },
  {
    "description_en": "1. Study Circles in DECGCs\n2. Free Coaching Classes in Arts and Science Colleges and Universities\n3. Virtual Learning System Portal\n4. Tamil Nadu Private Job Portal\n5. Skill and Career Awareness Week\n6. Unemployment Assistance Scheme\n7. Unemployment Assistance for Differently-Abled Registrants\n8. An Activity – A Day\n9. Career Guidance Programme for Students of BC/MBC/DNC and Minorities Welfare Hostels\n10. Thiran Tamizhagam Magazine\n11. Special Cells for Differently Abled Persons\n12. Coaching – cum – Guidance Centers for SC/ST\n13. Special Vocational Guidance Centre for Tribal Population\n14. State Career Guidance Centre\n15. MCC Guidelines (published by Government of India - dated 16.03.2022)",
    "description_tl": "1. DECGC களில் ஆய்வு வட்டங்கள்\n2. கலை மற்றும் அறிவியல் கல்லூரிகள் மற்றும் பல்கலைக்கழகங்களில் இலவச பயிற்சி வகுப்புகள்\n3. மெய்நிகர் கற்றல் அமைப்பு போர்டல்\n4. தமிழ்நாடு தனியார் வேலை போர்ட்டல்\n5. திறன் மற்றும் தொழில் விழிப்புணர்வு வாரம்\n6. வேலையின்மை உதவித் திட்டம்\n7. மாற்றுத் திறனாளிகள் பதிவு செய்பவர்களுக்கான வேலையின்மை உதவி\n8. ஒரு செயல்பாடு - ஒரு நாள்\n9. BC/MBC/DNC மற்றும் சிறுபான்மையினர் நல விடுதிகளின் மாணவர்களுக்கான தொழில் வழிகாட்டுதல் திட்டம்\n10. திரன் தமிழகம் இதழ்\n11. மாற்றுத் திறனாளிகளுக்கான சிறப்புப் பிரிவுகள்\n12. எஸ்சி/எஸ்டிக்கான பயிற்சி - கம் - வழிகாட்டுதல் மையங்கள்\n13. பழங்குடியின மக்கள்தொகைக்கான சிறப்பு தொழில் வழிகாட்டுதல் மையம்\n14. மாநில தொழில் வழிகாட்டுதல் மையம்\n15. MCC வழிகாட்டுதல்கள் (இந்திய அரசாங்கத்தால் வெளியிடப்பட்டது - தேதி 16.03.2022)",
    "type": "description"
  },
  {
    "heading_en": "Links",
    "heading_tl": "இணைப்புகள்",
    "type": "heading"
  },
  {
    "link_1": "<a href=\"https://www.tnvelaivaaippu.gov.in/\">https://www.tnvelaivaaippu.gov.in/</a>",
    "link_2": "<a href=\"https://tnvelaivaaippu.gov.in/Empower/\">https://tnvelaivaaippu.gov.in/Empower/</a>",
    "type": "link"
  }
]