[
  {
    "heading_en": "Description",
    "heading_tl": "விளக்கம்",
    "type": "heading"
  },
  {
    "image": "https://tamil.oneindia.com/img/2022/01/cm-health-1641875382.jpg",
    "type": "image"
  },
  {
    "description_en": "The Chief Minister's Comprehensive Health Insurance Scheme (CMCHIS) is a flagship health insurance scheme introduced by various state governments in India. Each state might have its own version of the scheme with slight variations in coverage and implementation. The primary aim of CMCHIS is to provide financial protection to households against catastrophic health expenses.",
    "description_tl": "முதலமைச்சரின் விரிவான மருத்துவக் காப்பீட்டுத் திட்டம் (CMCHIS) என்பது இந்தியாவின் பல்வேறு மாநில அரசுகளால் அறிமுகப்படுத்தப்பட்ட முதன்மையான மருத்துவக் காப்பீட்டுத் திட்டமாகும். ஒவ்வொரு மாநிலமும் கவரேஜ் மற்றும் செயல்படுத்தலில் சிறிய மாறுபாடுகளுடன் திட்டத்தின் சொந்த பதிப்பைக் கொண்டிருக்கலாம். CMCHIS இன் முதன்மை நோக்கம், பேரழிவு தரும் சுகாதாரச் செலவுகளுக்கு எதிராக குடும்பங்களுக்கு நிதிப் பாதுகாப்பை வழங்குவதாகும்.",
    "type": "description"
  },
  {
    "heading_en": "Eligibility",
    "heading_tl": "தகுதி",
    "type": "heading"
  },
  {
    "description_en": "The Eligibility to avail Chief Minister’s Comprehensive Health Insurance Scheme, is as indicated for the resident of Tamil Nadu by the presents of his/her Name in the family card and whose family annual income is less than Rs.1,20,000/- per annum. (GO(Ms)No.560 Health and Family Welfare (EAP1-1) Department, Dated:16.12.2021)\n\nFor being eligible for benefits under the scheme it is sufficient to produce family card, Aadhar card and income certificate by the VAO/Revenue Authorities along with the self-declaration of the head of the concerned family. Family includes the eligible member and the members of his/her family as detailed below.\n(i) Legal Spouse of the eligible person\n(ii) Children of the eligible person\n(iii) Dependent parent of the eligible person",
    "description_tl": "இத்திட்டத்தில் பயன்பெறத் தேவையான தகுதி\n\n• இத்திட்டத்தில் சேர குடும்ப ஆண்டு வருமானம் ரூ.1,20,000/-க்கும் குறைவாக இருத்தல் வேண்டும். (அரசாணை(நிலை) எண்.560 மருத்துவம் – மக்கள் நல்வாழ்வுத்துறை (அஉதி1-1) நாள்:16.12.2021)\n\n• கிராம நிர்வாக அலுவலரிடம் வருமானச் சான்று பெற்று குடும்ப அட்டை மற்றும் ஆதார் அடையாள அட்டையுடன் மாவட்ட ஆட்சியர் அலுவலகத்தில் உள்ள அட்டை வழங்கும் மையத்திற்கு சென்று முதலமைச்சரின் விரிவான மருத்துவ காப்பீட்டு அட்டை பெற்றுக் கொள்ளலாம்\n\nகுடும்பம் மற்றும் குடும்பத்தினரின் தகுதி விளக்கம் கீழே கொடுக்கப்பட்டுள்ளது.\n\n1. தகுதியுடைய நபரின் சட்டப்பூர்வமான மனைவி/கணவர்\n\n2. தகுதியுடைய நபரின் குழந்தைகள்\n\n3. தகுதியுடைய நபரை சார்ந்த பெற்றோர்கள்\n\nமேலே கொடுக்கப்பட்டுள்ள நபர்களின் பெயர்கள் குடும்ப அட்டையில் இடம்பெற்றிருத்தல் வேண்டும்.",
    "type": "description"
  },
  {
    "heading_en": "List of Supporting Documents",
    "heading_tl": "துணை ஆவணங்களின் பட்டியல்",
    "type": "heading"
  },
  {
    "description_en": "• Original Ration Card plus photocopy\n• Aadhaar of all members to be included under the card\n• Original income certificate\n",
    "description_tl": "• கிராம நிர்ோக அலுேலரிடம் குடும்ப ேருமானே் ோன் றிதடைப் பபற\nசேண் டும்.\n• குடும்பத் தடலேர் அல்லது குடும்ப உறுப்பினர் குடும்ப அட்டடயின்\nஅேல் மற்றும் நகல் மற்றும் ேருமானே் ோன் றிதழுடன் மாேட்ட\nகிசயாஸ் க்குக்கு ேர சேண் டும்.\n• மாேட்ட கிசயாஸ் க் ஆபசரட்டர் சமற்கண் ட ஆேணங்கடளே்\nேரிபார்ப்பார். அடிப்படட விேரங்கள் மற்றும் டகசரடக பதிவு பேய்த\nபிறகு, அேர் பபயடர திட்டத்தில் பதிவு பேய்ோர்.\nகுடும்ப அங்கத்தினரின் புடகப்படத்டத எடுத்தப்பின்\nபயனாளிக்கு மின் அட்டட(இ-கார்டு) ேைங்கப்படும்.",
    "type": "description"
  },
  {
    "heading_en": "Enrollment Form",
    "heading_tl": "பதிவு படிவம்",
    "type": "heading"
  },
  {
    "link_1": "<a href=\"https://cmchistn.com/entrollement/EnrolmentForm2022.pdf\">https://cmchistn.com/entrollement/EnrolmentForm2022.pdf</a>",
    "link_2": "",
    "type": "link"
  },
  {
    "heading_en": "Links",
    "heading_tl": "இணைப்புகள்",
    "type": "heading"
  },
  {
    "link_1": "<a href=\"https://www.cmchistn.com/index.php#awards\">https://www.cmchistn.com/index.php#awards</a>",
    "link_2": "",
    "type": "link"
  }
]