[
  {
    "heading_en": "e-Sevai",
    "heading_tl": "இனிய சேவை இணைய சேவை",
    "type": "heading"
  },
  {
    "image": "https://www.tnesevai.tn.gov.in/Citizen/Images/TNlogo2.png",
    "type": "image"
  },
  {
    "description_en": "E-Service—Welcome to Tamil Nadu Government's e-Service website. This website enables Public Service Center Operators to access e-services provided in the below government departments through their codes using their username and password.",
    "description_tl": "இ-சேவை—தமிழ்நாடு அரசின் இ-சேவை வலைதளம் உங்களை அன்புடன் வரவேற்கிறது. இவ்வலைதளம் பொதுசேவை மையத்தினை இயக்குபவர்களுக்கு கீழே காணப்படும் அரசின் துறைகளில் வழங்கப்படும் இணையவழி சேவைகளை அவைகளின் குறியீடுகள் வாயிலாக அவர்களுடைய பயனர் பெயர் மற்றும் கடவுச்சொல்லை பயன்படுத்தி அணுகிட உதவுகிறது.",
    "type": "description"
  },
  {
    "heading_en": "List of Document Required",
    "heading_tl": "தேவையான ஆவணங்களின் பட்டியல்",
    "type": "heading"
  },
  {
    "description_en": "\t1.Aadhaar Card\n2.Applicant’s Recent Photo\n3.Smart Ration Card No\n4.First page of bank pass book\n5.Fishermen Cooperative Society Passbook with photo\n6.Voter Card\n7.Bio Metric Identity Card\n8.Address Proof (If the given residential address is different from Aadhaar)",
    "description_tl": "1.ஆதார் அட்டை\n2. விண்ணப்பதாரரின் சமீபத்திய புகைப்படம்\n3.ஸ்மார்ட் ரேஷன் கார்டு எண்\n4.வங்கி பாஸ் புத்தகத்தின் முதல் பக்கம்\n5. புகைப்படத்துடன் கூடிய மீனவர் கூட்டுறவு சங்க பாஸ்புக்\n6.வாக்காளர் அட்டை\n7.பயோ மெட்ரிக் அடையாள அட்டை\n8.முகவரிச் சான்று (கொடுக்கப்பட்ட குடியிருப்பு முகவரியும் ஆதாரும் வேறுபட்டிருந்தால்)",
    "type": "description"
  },
  {
    "heading_en": "Registration",
    "heading_tl": "பதிவு",
    "type": "heading"
  },
  {
    "link_1": "<a href=\"https://www.tnesevai.tn.gov.in/Citizen/Registration.aspx\">https://www.tnesevai.tn.gov.in/Citizen/Registration.aspx</a>",
    "link_2": "",
    "type": "link"
  },
  {
    "heading_en": "Sign In",
    "heading_tl": "உள்நுழையவும்",
    "type": "heading"
  },
  {
    "small_heading_en": "Franchisee Login",
    "small_heading_tl": "துறை உள்நுழைவு",
    "type": "small_heading"
  },
  {
    "link_1": "<a href=\"https://www.tnesevai.tn.gov.in/Default.aspx\">https://www.tnesevai.tn.gov.in/Default.aspx</a>",
    "link_2": "",
    "type": "link"
  },
  {
    "small_heading_en": "Citizen Login",
    "small_heading_tl": "பயனர்கள் உள்நுழைவு",
    "type": "small_heading"
  },
  {
    "link_1": "<a href=\"https://www.tnesevai.tn.gov.in/Citizen/PortalLogin.aspx\">https://www.tnesevai.tn.gov.in/Citizen/PortalLogin.aspx</a>",
    "link_2": "",
    "type": "link"
  }
]