[
  {
    "heading_en": "Description",
    "heading_tl": "விளக்கம்",
    "type": "heading"
  },
  {
    "description_en": "The Animal Husbandry, Dairying, Fisheries, and Fishermen Welfare Department is a governmental department typically found in many countries. Its primary focus is on the management, regulation, and promotion of activities related to animal husbandry, dairy farming, fisheries, and the welfare of fishermen.",
    "description_tl": "கால்நடை, பால்வளம், மீன்வளம் மற்றும் மீனவர் நலத்துறை என்பது பொதுவாக பல நாடுகளில் காணப்படும் ஒரு அரசு துறை ஆகும். கால்நடை வளர்ப்பு, பால் பண்ணை, மீன்பிடி மற்றும் மீனவர்களின் நலன் தொடர்பான செயல்பாடுகளின் மேலாண்மை, ஒழுங்குமுறை மற்றும் ஊக்குவிப்பு ஆகியவற்றில் அதன் முதன்மை கவனம் உள்ளது.",
    "type": "description"
  },
  {
    "heading_en": "ANIMAL HUSBANDRY DEPARTMENT",
    "heading_tl": "கால்நடை பராமரிப்பு துறை",
    "type": "heading"
  },
  {
    "image": "https://universalinstitutions.com/wp-content/uploads/2022/12/ANIMAL-HUS.png",
    "type": "image"
  },
  {
    "description_en": "Animal husbandry contributes significantly in supplementing the income of small, marginal farmers and landless labourers and in generating gainful employment opportunities especially self-employment to a substantial number of rural and urban population many of whom are women who play a major role in the care and management of livestock. It serves as a vital source for providing nutritious protein rich balanced food in the form of milk, egg, meat and value added products. Moreover, they are also intricately associated with the social, cultural and traditional values of the region.",
    "description_tl": "கால்நடை வளர்ப்பு சிறு, குறு விவசாயிகள் மற்றும் நிலமற்ற தொழிலாளர்களின் வருமானத்திற்கு துணைபுரிவதில் குறிப்பிடத்தக்க பங்களிப்பை வழங்குவதோடு, கணிசமான எண்ணிக்கையிலான கிராமப்புற மற்றும் நகர்ப்புற மக்களுக்கு சுயவேலைவாய்ப்பை உருவாக்குவதிலும், கவனிப்பு மற்றும் நிர்வாகத்தில் முக்கிய பங்கு வகிக்கும் பெண்களில் பலர் உள்ளனர். கால்நடைகளின். பால், முட்டை, இறைச்சி மற்றும் மதிப்பு கூட்டப்பட்ட பொருட்களின் வடிவத்தில் ஊட்டச்சத்து நிறைந்த புரதம் நிறைந்த சமச்சீர் உணவை வழங்குவதற்கு இது ஒரு முக்கிய ஆதாரமாக செயல்படுகிறது. மேலும், அவை பிராந்தியத்தின் சமூக, கலாச்சார மற்றும் பாரம்பரிய விழுமியங்களுடனும் சிக்கலான முறையில் தொடர்புடையவை.",
    "type": "description"
  },
  {
    "description_en": "Animal Husbandry Department plays a major role in providing veterinary health care and improving the genetic production potentialities of livestock and poultry reared in the State. Apart from this, various beneficiary oriented schemes are also being implemented for the economic upliftment and welfare of the poor, downtrodden and weaker sections of the society. Various veterinary institutions spread throughout the State provide the above services. With the dedicated and sustained efforts of the department in implementation of various beneficiary oriented programmes and judicious utilization of animals and the natural resources in an eco-balanced way, the livestock sector of the State has been elevated to a prominent position",
    "description_tl": "கால்நடை பராமரிப்புத் துறையானது கால்நடை சுகாதாரப் பராமரிப்பை வழங்குவதிலும், மாநிலத்தில் வளர்க்கப்படும் கால்நடைகள் மற்றும் கோழிகளின் மரபணு உற்பத்தித் திறனை மேம்படுத்துவதிலும் முக்கியப் பங்காற்றுகிறது. இது தவிர, சமூகத்தின் ஏழை, தாழ்த்தப்பட்ட மற்றும் நலிவடைந்த பிரிவினரின் பொருளாதார மேம்பாடு மற்றும் நலனுக்காக பல்வேறு பயனாளிகள் சார்ந்த திட்டங்களும் செயல்படுத்தப்பட்டு வருகின்றன. மாநிலம் முழுவதும் பரவியுள்ள பல்வேறு கால்நடை நிறுவனங்கள் மேற்கண்ட சேவைகளை வழங்குகின்றன. பல்வேறு பயனாளிகள் சார்ந்த திட்டங்களை செயல்படுத்துவதில் துறையின் அர்ப்பணிப்பு மற்றும் நீடித்த முயற்சிகள் மற்றும் விலங்குகள் மற்றும் இயற்கை வளங்களை சமச்சீரான முறையில் பயன்படுத்துவதன் மூலம், மாநிலத்தின் கால்நடைத் துறை ஒரு முக்கிய நிலைக்கு உயர்த்தப்பட்டுள்ளது.",
    "type": "description"
  },
  {
    "heading_en": "DAIRY DEVELOPMENT DEPARTMENT",
    "heading_tl": "பால்வள மேம்பாட்டுத் துறை",
    "type": "heading"
  },
  {
    "image": "https://edairynews.com/in/wp-content/uploads/2023/07/Department-of-Animal-Husbandry-Dairying-implements-National-Programme-for-Dairy-Development.png",
    "type": "image"
  },
  {
    "description_en": "Dairy sector is important not only as the producer of highly nutritious food products, but also for the sustenance of poor farmers and over all prosperity of the farming community. It is a matter of great pride that a nation which was deficit in milk has now become the leading milk producer in the world. Tamil Nadu ranks eighth in milk production and is well on the way towards achieving the Second White Revolution as envisioned by the Hornable ChiefMinister of Tamil Nadu. Milk production in the State during 2012-13 was around 1.82 Crore litres per day.",
    "description_tl": "அதிக சத்துள்ள உணவுப் பொருட்களின் உற்பத்தியாளராக மட்டுமல்லாமல், ஏழை விவசாயிகளின் வாழ்வாதாரத்திற்கும், விவசாய சமூகத்தின் அனைத்து செழிப்பிற்கும் பால் துறை முக்கியமானது. பால் பற்றாக்குறையாக இருந்த ஒரு தேசம் தற்போது பால் உற்பத்தியில் உலகின் முன்னணி நாடாக மாறியுள்ளது பெருமைக்குரிய விஷயம். தமிழகம் பால் உற்பத்தியில் எட்டாவது இடத்தில் உள்ளது மற்றும் மாண்புமிகு தமிழக முதல்வரின் எண்ணப்படி இரண்டாவது வெண்மை புரட்சியை அடையும் பாதையில் உள்ளது. 2012-13 ஆம் ஆண்டில் மாநிலத்தில் பால் உற்பத்தி நாள் ஒன்றுக்கு சுமார் 1.82 கோடி லிட்டராக இருந்தது.",
    "type": "description"
  },
  {
    "heading_en": "FISHERIES DEPARTMENT",
    "heading_tl": "மீன்வளத்துறை",
    "type": "heading"
  },
  {
    "image": "https://aitcofficial.org/wp-content/uploads/2018/04/Fisheries-1.jpg",
    "type": "image"
  },
  {
    "description_en": "Fisheries have emerged as an important food production sector of the State contributing to the livelihood as well as food security of a large section of the people. Fishing activity, starting as a traditional livelihood activity in early fifties has now transformed into commercial enterprise contributing to the State and National economy, livelihood and nutritional security, rural employment generation and foreign exc hange earnings significantly.\nTamil Nadu is one of the foremost States in India showing steady increase in fish production and optimum utilization of resources. Tamil Nadu is pioneering many innovative developmental and welfare schemes.\nThe Government is committed to protecting the traditional fishing rights of Tamil Nadu fishermen, diversifying them to deep sea fishing, providing infrastructure facilities such as construction of fishing harbours fish landing centres, marketing infrastructure, implementing innovative schemes such as conversion purchase of new mechanized fishing vessels for Tuna fishing, establishing Fish Processing Parks in the coastal districts, deployment of artificial reefs, providing Seamless communication facilities to marine fishermen etc.",
    "description_tl": "மீன்வளம் மாநிலத்தின் முக்கியமான உணவு உற்பத்தித் துறையாக உருவெடுத்துள்ளது, இது ஒரு பெரிய பகுதி மக்களின் வாழ்வாதாரத்திற்கும் உணவுப் பாதுகாப்பிற்கும் பங்களிக்கிறது. ஐம்பதுகளின் முற்பகுதியில் பாரம்பரிய வாழ்வாதார நடவடிக்கையாகத் தொடங்கிய மீன்பிடி நடவடிக்கை, தற்போது மாநில மற்றும் தேசிய பொருளாதாரம், வாழ்வாதாரம் மற்றும் ஊட்டச்சத்து பாதுகாப்பு, கிராமப்புற வேலை வாய்ப்பு உருவாக்கம் மற்றும் வெளிநாட்டு எக்சி ஹேங் வருவாய் ஆகியவற்றிற்கு பங்களிப்பு செய்யும் வணிக நிறுவனமாக மாறியுள்ளது.\nதமிழ்நாடு முதன்மையான மாநிலங்களில் ஒன்றாகும். இந்தியாவில் மீன் உற்பத்தியில் நிலையான அதிகரிப்பு மற்றும் வளங்களின் உகந்த பயன்பாடு ஆகியவற்றைக் காட்டுகிறது. தமிழகம் பல புதுமையான வளர்ச்சி மற்றும் நலத்திட்டங்களில் முன்னோடியாக உள்ளது.\nதமிழக மீனவர்களின் பாரம்பரிய மீன்பிடி உரிமைகளை பாதுகாக்கவும், ஆழ்கடல் மீன்பிடியில் அவர்களை பல்வகைப்படுத்தவும், மீன்பிடி துறைமுகங்களில் மீன் இறங்கு தளங்கள் கட்டுதல், சந்தைப்படுத்தல் உள்கட்டமைப்பு, போன்ற உள்கட்டமைப்பு வசதிகளை ஏற்படுத்தவும் அரசு உறுதிபூண்டுள்ளது. டுனா மீன்பிடிக்க புதிய இயந்திரமயமாக்கப்பட்ட மீன்பிடி கப்பல்களை வாங்குதல், கடலோர மாவட்டங்களில் மீன் பதப்படுத்தும் பூங்காக்கள் அமைத்தல், செயற்கை பாறைகள் அமைத்தல், கடல் மீனவர்களுக்கு தடையில்லா தகவல் தொடர்பு வசதிகளை வழங்குதல் போன்ற புதுமையான திட்டங்களை செயல்படுத்துதல்.",
    "type": "description"
  },
  {
    "heading_en": "OBJECTIVES",
    "heading_tl": "குறிக்கோள்கள்",
    "type": "heading"
  },
  {
    "description_en": "1. To help increasing of milk and meat processing capacity and product diversification thereby providing greater access for unorganized rural milk and meat producers to organized milk and meat market.\n\n2. To make available increased price realization for the producer.\n\n3. To make available quality milk and meat products for the domestic consumer.\n\n4. To fulfill the objective of protein enriched quality food requirement of the growing population of the country and prevent malnutrition in one of the highest malnourished children population in the world. Develop enterpreneurship and generate employment.\n\n5. To promote exports and increase the export contribution in the milk and meat sector.\n\n6. To make available quality concentrated animals feed to the cattle, buffalo, sheep, goat, pig and poultry to provide balanced ration at affordable prices.",
    "description_tl": "1. பால் மற்றும் இறைச்சி பதப்படுத்தும் திறனை அதிகரிப்பதற்கும், தயாரிப்புகளை பல்வகைப்படுத்துவதற்கும் உதவுவதன் மூலம் ஒழுங்கமைக்கப்படாத கிராமப்புற பால் மற்றும் இறைச்சி உற்பத்தியாளர்களுக்கு ஒழுங்கமைக்கப்பட்ட பால் மற்றும் இறைச்சி சந்தைக்கு அதிக அணுகலை வழங்குதல்.\n\n2. உற்பத்தியாளருக்கு விலை உயர்வு கிடைக்கச் செய்ய.\n\n3. உள்நாட்டு நுகர்வோருக்கு தரமான பால் மற்றும் இறைச்சி பொருட்கள் கிடைக்கச் செய்ய.\n\n4. நாட்டின் வளர்ந்து வரும் மக்கள்தொகைக்கு புரதம் நிறைந்த தரமான உணவுத் தேவையின் நோக்கத்தை நிறைவேற்றுவது மற்றும் உலகிலேயே அதிக ஊட்டச்சத்து குறைபாடுள்ள குழந்தைகளில் ஒன்றான ஊட்டச்சத்துக் குறைபாட்டைத் தடுப்பது. தொழில்முனைவை வளர்த்து வேலைவாய்ப்பை உருவாக்குங்கள்.\n\n5. ஏற்றுமதியை ஊக்குவிக்கவும், பால் மற்றும் இறைச்சி துறையில் ஏற்றுமதி பங்களிப்பை அதிகரிக்கவும்.\n\n6. மாடு, எருமை, செம்மறி ஆடு, ஆடு, பன்றி மற்றும் கோழி ஆகியவற்றிற்கு தரமான செறிவூட்டப்பட்ட விலங்குகள் தீவனம் கிடைக்கச் செய்து, மலிவு விலையில் சமச்சீர் உணவு வழங்க வேண்டும்.",
    "type": "description"
  },
  {
    "heading_en": "Links",
    "heading_tl": "இணைப்புகள்",
    "type": "heading"
  },
  {

    "link_1": "<a href=\"https://www.tn.gov.in/department/3\">https://www.tn.gov.in/department/3</a>",
    "link_2": "<a href=\"https://dahd.nic.in/schemes/programmes/ahidf#collapse5\">https://dahd.nic.in/schemes/programmes/ahidf#collapse5</a>",
    "type": "link"
  }
]