[
  {
    "heading_en": "Description",
    "heading_tl": "விளக்கம்",
    "type": "heading"
  },
  {
    "image": "https://dtnext-prod.s3.ap-south-1.amazonaws.com/imported/import/Articles/2020/Sep/202009250015161785_TN-to-be-ready-with-micro-plans-before-vaccine-is-approved_SECVPF.gif",
    "type": "image"
  },
  {
    "description_en": "The Directorate of Public Health and Preventive Medicine was formed during the year 1923 in Tamilnadu with the main objectives of provision of maternal and child health care to the Rural and Urban people and for the prevention and control of Communicable and non Communicable Disease.\n\nPublic Health Act 1939 is the legal instrument enacted before the independence of the country which empowers the Health Officers to enforce the Public Health Law to safe guard the health of the people.\n\nFor the administrative convenience Pudukottai District has 2 divisions named as Health Unit Districts one in Pudukottai (HUD) and other in Aranthangi(HUD). The Pudukottai HUD has 40 Primary Health centres and 125 Health Sub Centres and Aranthangi HUD has 31 Primary Health Centres and 117 Health Sub Centres. All the PHCS are 24*7 functional to provide Primary Health care Service to the People. Also in Pudukottai Urban there are 2 Urban Primary Health Centres and in Aranthangi Urban there is 1 Urban Primary Health Centre. In each PHC there are Medical Officers and field level functionaries at all levels are playing a vital role in empowering the Public Health Act to provide the public a Health standards of life. In all Primary Health Centres, in-patients, outpatients and Ante natal pregnant mothers are treated and given primary and obstetric care. The PHCs have been expanded with additional young generation Medical Officers, Staff Nurses, new PHCs have been created and infrastructure has been vastly improved, vehicle facilities have been provided and the Department has been far and widely developed by attracting the public towards Primary Health care.",
    "description_tl": "பொது சுகாதாரம் மற்றும் தடுப்பு மருத்துவ இயக்குநரகம் 1923 ஆம் ஆண்டு தமிழ்நாட்டில் தாய் மற்றும் குழந்தை சுகாதாரத்தை கிராமப்புற மற்றும் நகர்ப்புற மக்களுக்கு வழங்குதல் மற்றும் தொற்று மற்றும் தொற்றாத நோய்களைத் தடுப்பது மற்றும் கட்டுப்படுத்துதல் ஆகியவற்றின் முக்கிய நோக்கங்களுடன் உருவாக்கப்பட்டது.\n\nபொது சுகாதாரச் சட்டம் 1939 என்பது நாட்டின் சுதந்திரத்திற்கு முன்னர் இயற்றப்பட்ட சட்டக் கருவியாகும், இது மக்களின் ஆரோக்கியத்தைப் பாதுகாப்பதற்காக பொது சுகாதாரச் சட்டத்தை அமல்படுத்த சுகாதார அதிகாரிகளுக்கு அதிகாரம் அளிக்கிறது.\n\nநிர்வாக வசதிக்காக புதுக்கோட்டை மாவட்டத்தில் சுகாதார அலகு மாவட்டங்கள் என 2 பிரிவுகள் புதுக்கோட்டையில் (HUD) மற்றொன்று அறந்தாங்கியில் (HUD) உள்ளன. புதுக்கோட்டை HUD யில் 40 ஆரம்ப சுகாதார நிலையங்களும் 125 சுகாதார துணை நிலையங்களும் அறந்தாங்கி HUD இல் 31 ஆரம்ப சுகாதார நிலையங்களும் 117 சுகாதார துணை நிலையங்களும் உள்ளன. அனைத்து PHCSகளும் மக்களுக்கு ஆரம்ப சுகாதார சேவையை வழங்க 24*7 செயல்படுகின்றன. மேலும் புதுக்கோட்டை நகர்புறத்தில் 2 நகர்ப்புற ஆரம்ப சுகாதார நிலையங்களும், அறந்தாங்கி நகர்புறத்தில் 1 நகர்ப்புற ஆரம்ப சுகாதார நிலையமும் செயல்பட்டு வருகிறது. ஒவ்வொரு PHC யிலும் மருத்துவ அலுவலர்கள் உள்ளனர் மற்றும் அனைத்து மட்டங்களிலும் உள்ள கள நிலைப் பணியாளர்கள் பொது சுகாதாரச் சட்டத்தை பொதுமக்களுக்கு வாழ்க்கைத் தரத்தை வழங்குவதற்கு அதிகாரமளிப்பதில் முக்கியப் பங்காற்றுகின்றனர். அனைத்து ஆரம்ப சுகாதார நிலையங்களிலும், உள்நோயாளிகள், வெளிநோயாளிகள் மற்றும் முன் பிறந்த கர்ப்பிணித் தாய்மார்களுக்கு சிகிச்சை அளிக்கப்பட்டு, ஆரம்ப மற்றும் மகப்பேறு சிகிச்சை அளிக்கப்படுகிறது. கூடுதல் இளம் தலைமுறை மருத்துவ அலுவலர்கள், பணியாளர் செவிலியர்கள், புதிய PHCகள் உருவாக்கப்பட்டு, உள்கட்டமைப்பு வசதிகள் பெருமளவில் மேம்படுத்தப்பட்டு, வாகன வசதிகள் ஏற்படுத்தப்பட்டு, ஆரம்ப சுகாதார நிலையத்தை நோக்கி பொதுமக்களை ஈர்ப்பதன் மூலம் PHCகள் விரிவுபடுத்தப்பட்டுள்ளன.",
    "type": "description"
  },
  {
    "heading_en": "Primary Health Care provided at PHCs",
    "heading_tl": "ஆரம்ப சுகாதார பராமரிப்பு PHC களில் வழங்கப்படுகிறது",
    "type": "heading"
  },
  {
    "description_en": "Mother & Child Health Services: Ante natal checkup, Ultrasonogram, Glucose Tolerance Test for Pregnant Mothers, control of anemia, Immunisation to pregnant mothers. delivery services are provided to the public round the clock, Transfusion of blood to severe anemic mothers, referral facility to Tertiary care institution\nInpatient, Out patient, Delivery services, Obstretric care, Treatment and referral of High Risk Pregnant mothers\nFever management, Lab services, New born Care, Immunisation, Family welfare Services, Operation Theatres to perform Family Welfare Sterlisation and Abortion\nAmbulance services, 108 available round the clock.\nCommunicable Disease Control:\nControl & management of Dengue fever, Out breaks of Diarrhoea, Measles, Chickenpox, Dogbite, Snake bite.\n\nNon Communicable Disease Control:\nScreening of all persons aged above 30 years, for Diabetic Mellitus and Hypertension, women aged above 30 years are Screened for Cancer Cervix, Cancer Breast, and referral to higher institutions for treatment and follow up.",
    "description_tl": "தாய் மற்றும் குழந்தை சுகாதார சேவைகள்: பிறப்புக்கு முந்தைய பரிசோதனை, அல்ட்ராசோனோகிராம், கர்ப்பிணித் தாய்மார்களுக்கான குளுக்கோஸ் சகிப்புத்தன்மை சோதனை, இரத்த சோகை கட்டுப்பாடு, கர்ப்பிணித் தாய்மார்களுக்கு தடுப்பூசி. பிரசவ சேவைகள் 24 மணி நேரமும் பொதுமக்களுக்கு வழங்கப்படுகின்றன, கடுமையான இரத்த சோகை தாய்மார்களுக்கு இரத்தமாற்றம், மூன்றாம் நிலை பராமரிப்பு நிறுவனத்திற்கு பரிந்துரைக்கும் வசதி\nஉள்நோயாளிகள், வெளிநோயாளிகள், பிரசவ சேவைகள், மகப்பேறியல் பராமரிப்பு, அதிக ஆபத்துள்ள கர்ப்பிணித் தாய்மார்களுக்கு சிகிச்சை மற்றும் பரிந்துரை\nகாய்ச்சல் மேலாண்மை, ஆய்வக சேவைகள், புதிதாகப் பிறந்த குழந்தை பராமரிப்பு, நோய்த்தடுப்பு, குடும்ப நலச் சேவைகள், குடும்ப நல ஸ்டெர்லைசேஷன் மற்றும் கருக்கலைப்பு செய்ய அறுவை சிகிச்சை அரங்குகள்\nஆம்புலன்ஸ் சேவை, 108 24 மணி நேரமும் கிடைக்கும்.\nதொற்று நோய் கட்டுப்பாடு:\nடெங்கு காய்ச்சலைக் கட்டுப்படுத்துதல் மற்றும் நிர்வகித்தல், வயிற்றுப்போக்கு, தட்டம்மை, சிக்கன் பாக்ஸ், நாய்க்கடி, பாம்புக்கடி ஆகியவற்றுக்கான இடைவெளிகள்.\n\nதொற்றாத நோய் கட்டுப்பாடு:\n30 வயதுக்கு மேற்பட்ட அனைத்து நபர்களின் பரிசோதனை, நீரிழிவு நோய் மற்றும் உயர் இரத்த அழுத்தம், 30 வயதுக்கு மேற்பட்ட பெண்கள், கருப்பை வாய் புற்றுநோய், மார்பக புற்றுநோய் ஆகியவற்றைப் பரிசோதித்து, சிகிச்சை மற்றும் பின்தொடர்வதற்கு உயர் நிறுவனங்களுக்கு பரிந்துரைக்கப்படுகிறார்கள்.",
    "type": "description"
  },
  {
    "heading_en": "Activities of Health Sub Centres",
    "heading_tl": "சுகாதார துணை மையங்களின் செயல்பாடுகள்",
    "type": "heading"
  },
  {
    "image": "https://tnhealth.tn.gov.in/tngovin/dph/images/hsc-activities.jpg",
    "type": "image"
  },
  {
    "description_en": "• Peripheral most unit available at the Village level to take care of the Health needs of the community.\n• A Health  Sub centre covers a population of 5000 in plain areas and 3000 in Hilly and difficult terrains. All Primary Health Care Services are being provided at the door steps of the community.\n• Each Health sub centre is manned by a pair of Health Workers.\n• The Female Worker (VHN) takes care of MCH activities, including Immunization.\n• The male worker (HI) @ one per 3 HSCs is responsible to control of Communicable Diseases, Checking of Births and Deaths Registration, Health Education, Surveillance, etc.\n• All pregnant women are registered by the Village Health Nurses at the earliest stage of pregnancy and given Antenatal care.\n• The Health Sub centre area is divided into 4 units and on every Wednesday, Immunization sessions are organised in one unit, thereby covering the entire area in a month.\n• Village Health nurses provide information on MTP services and are issuing contraceptive tablets, etc. for postponement of next pregnancy.\n• Village Health Nurses provide information on sterilization and IUD insertion is done by her.\n• The HSC provides medicine for minor ailments like cold, fever, diarrhoea, etc.\n• The male worker visits the Village and takes blood smear to detect malaria.\n• Sputums are collected from chronic patients of cough and sent to Primary Health Centres, for examination. If found positive for tuberculosis, treatment is arranged through Primary Health Centres.\n• Chlorination of water sources and disinfection of affected houses, during diarrhoea are done by the male worker.\n• Identifying cases of leprosy and treat them.\n• Male health workers make festival arrangements and investigate food poisoning and counsel on food hygiene.\n• Male health workers motivate for family planning and distribute condoms.",
    "description_tl": "• சமூகத்தின் சுகாதாரத் தேவைகளைக் கவனித்துக்கொள்வதற்காக கிராம மட்டத்தில் புறநிலை அலகு உள்ளது.\n• ஒரு சுகாதார துணை மையம் சமவெளிப் பகுதிகளில் 5000 மக்களையும், மலைப்பாங்கான மற்றும் கடினமான நிலப்பரப்புகளில் 3000 மக்களையும் உள்ளடக்கியது. அனைத்து ஆரம்ப சுகாதார சேவைகளும் சமூகத்தின் வாசல் படிகளில் வழங்கப்படுகின்றன.\n• ஒவ்வொரு சுகாதார துணை மையமும் ஒரு ஜோடி சுகாதார பணியாளர்களால் நிர்வகிக்கப்படுகிறது.\n• பெண் தொழிலாளி (VHN) நோய்த்தடுப்பு உட்பட MCH செயல்பாடுகளை கவனித்துக்கொள்கிறார்.\n• ஆண் பணியாளர் (HI) @ 3 HSC களுக்கு ஒருவர் தொற்று நோய்களைக் கட்டுப்படுத்துதல், பிறப்பு மற்றும் இறப்புப் பதிவுகளைச் சரிபார்த்தல், சுகாதாரக் கல்வி, கண்காணிப்பு போன்றவற்றுக்குப் பொறுப்பு.\n• அனைத்து கர்ப்பிணிப் பெண்களும் கர்ப்பத்தின் ஆரம்ப கட்டத்தில் கிராம சுகாதார செவிலியர்களால் பதிவு செய்யப்பட்டு, பிரசவத்திற்கு முந்தைய பராமரிப்பு வழங்கப்படுகிறார்கள்.\n• சுகாதார துணை மையப் பகுதி 4 அலகுகளாகப் பிரிக்கப்பட்டு, ஒவ்வொரு புதன்கிழமையும், ஒரு யூனிட்டில் நோய்த்தடுப்பு அமர்வுகள் ஏற்பாடு செய்யப்பட்டு, ஒரு மாதத்தில் முழுப் பகுதியையும் உள்ளடக்கும்.\n• கிராம சுகாதார செவிலியர்கள் MTP சேவைகள் பற்றிய தகவல்களை வழங்குகிறார்கள் மற்றும் அடுத்த கர்ப்பத்தை தள்ளிப்போடுவதற்காக கருத்தடை மாத்திரைகள் போன்றவற்றை வழங்குகிறார்கள்.\n• கிராம சுகாதார செவிலியர்கள் ஸ்டெரிலைசேஷன் பற்றிய தகவல்களை வழங்குகிறார்கள் மற்றும் IUD செருகுவது அவரால் செய்யப்படுகிறது.\n• சளி, காய்ச்சல், வயிற்றுப்போக்கு போன்ற சிறு நோய்களுக்கு HSC மருந்து வழங்குகிறது.\n• ஆண் தொழிலாளி கிராமத்திற்குச் சென்று மலேரியாவைக் கண்டறிய இரத்தப் பரிசோதனை செய்கிறார்.\n• நாள்பட்ட இருமல் நோயாளிகளிடமிருந்து சளி சேகரிக்கப்பட்டு, ஆரம்ப சுகாதார நிலையங்களுக்கு, பரிசோதனைக்காக அனுப்பப்படுகிறது. காசநோய் இருப்பது கண்டறியப்பட்டால், ஆரம்ப சுகாதார நிலையங்கள் மூலம் சிகிச்சை அளிக்கப்படுகிறது.\n• வயிற்றுப்போக்கின் போது, \u200B\u200Bநீர் ஆதாரங்களில் குளோரினேஷன் மற்றும் பாதிக்கப்பட்ட வீடுகளை கிருமி நீக்கம் செய்வது ஆண் தொழிலாளியால் செய்யப்படுகிறது.\n• தொழுநோயாளிகளைக் கண்டறிந்து சிகிச்சை அளித்தல்.\n• ஆண் சுகாதாரப் பணியாளர்கள் திருவிழா ஏற்பாடுகளைச் செய்து உணவு விஷம் மற்றும் உணவு சுகாதாரம் குறித்த ஆலோசனைகளை ஆய்வு செய்கின்றனர்.\n• ஆண் சுகாதாரப் பணியாளர்கள் குடும்பக் கட்டுப்பாடு மற்றும் ஆணுறைகளை விநியோகிக்க ஊக்குவிக்கின்றனர்.",
    "type": "description"
  },
  {
    "heading_en": "Links",
    "heading_tl": "இணைப்புகள்",
    "type": "heading"
  },
  {
    "link_1": "<a href=\"https://tnhealth.tn.gov.in/tngovin/dph/dphpm.php\">https://tnhealth.tn.gov.in/tngovin/dph/dphpm.php</a>",
    "link_2": "<a href=\"https://www.tn.gov.in/detail_contact/1887/4\">https://www.tn.gov.in/detail_contact/1887/4</a>",
    "type": "link"
  }
]