[
  {
    "heading_en": "Introduction",
    "heading_tl": "அறிமுகம்",
    "type": "heading"
  },
  {
    "image": "https://studybizz.com/schemes/wp-content/uploads/2023/12/Tamil-Nadu-Kalaignar-Magalir-Urimai-Thittam-Scheme-1024x576.png",
    "type": "image"
  },
  {
    "description_en": "Tamil Nadu Kalaignar Magalir Urimai Thittam is the major socio-economic welfare scheme of Tamil Nadu Government.\nIt was launched on 15th of September 2023.\nThe main objective behind launching this scheme is to empower women financially so that their livelihood and standard of living will improve.\nOn 27.03.2023, Chief Minister of Tamil Nadu make an announcement to start \"Kalaignar Magalir Urimai Thittam Scheme\" by giving a bold statement which is \"This Women's Right Grant Scheme/ Magalir Urimai Thogai Scheme, which will be chronicled in history as a great step among the programmes implemented for the cause of social justice in Tamil Nadu, will provide One Thousand Rupees per Month approximately One Crore Women Heads of families. This Historic Scheme 'Kalaignar Magalir Urimai Thittam Scheme' has been formulated.\"\nKalaignar Magalir Urimai Thittam Scheme is also known by some other names in Tamil Nadu such as :-\n\"Kalaignar Mahalir Urimai Thittam Scheme\".\n\"Kalaignar Magalir Urimai Thogai Thittam Scheme\".\n\"Tamil Nadu Magalir Urimai Thogai Scheme\".\n\"Tamil Nadu Women's Entitlement Fund\".\n\"Tamil Nadu Women Artists Empowerment Scheme\".\nThe name of scheme is based on former Chief Minister of Tamil Nadu Late Sh. M. Karunanidhi, who was famously known as Kalaignar (Artist).\nWomen of Tamil Nadu will get monthly financial assistance under Kalaignar Magalir Urimai Thittam Scheme.\nMonthly Financial Assistance of Rs. 1,000/- per Month i.e. Rs. 12,000/- per year will be provided to all eligible women beneficiary of Tamil Nadu.\nWomen Head of a Family whose Age is 21 Years and Above are eligible for monthly financial assistance under this scheme.\nRegistration for Kalaignar Magalir Urimai Thittam is started by Tamil Nadu Government.\nEvery Eligible Women Beneficiary can visit their nearest Public Distribution Fair Price Shop/ Ration Shop/ Camp and get them registered under this scheme.\nVolunteers present at the shop will help the women to fill the application form of Kalaignar Magalir Urimai Thittam Scheme.\nDistribution of financial assistance will start from 15th of September 2023 on the occasion of birth anniversary of Perarignar Anna.\nWomen Beneficiary can find Details of District Wise Registration Camp with Dates for Kalaignar Magalir Urimai Thittam Scheme Registration.\nLots of people complaining about that they did not receive Confirmation Message of Kalaignar Magalir Urimai Thittam Scheme. So they don't have to worry about that.\nTheir Registration under Kalaignar Magalir Urimai Thittam Scheme is done and after verification they received the financial assistance.\nBeneficiary has to secure the Acknowledgement Receipt which they received at the time of registration in registration camps.\nNow Tamil Nadu Government started the Official Website of Tamil Nadu Kalaignar Magalir Urimai Thittam.\nWomen Beneficiary can visit the official website for further information and to check the Application and Payment Status of Kalaignar Magalir Urimai Thittam Scheme of Tamil Nadu Government.\nGovernment of Tamil Nadu send an SMS to all selected Women Beneficiary.\nBut Many Women did not receive the SMS.\nTheir Application of Kalaignar Magalir Urimai Thittam Scheme is Temporarily Rejected.\nBut they don't have to worry about it.\nWomen Beneficiary can file an appeal within 30 days of receiving the SMS in the office of Revenue Divisional Officer.",
    "description_tl": "தமிழ்நாடு கலைஞர் மகளிர் உரிமை திட்டம் தமிழக அரசின் முக்கிய சமூக-பொருளாதார நலத்திட்டமாகும்.\nஇது செப்டம்பர் 15, 2023 அன்று தொடங்கப்பட்டது.\nஇந்தத் திட்டத்தைத் தொடங்குவதற்குப் பின்னால் உள்ள முக்கிய நோக்கம், பெண்களின் வாழ்வாதாரம் மற்றும் வாழ்க்கைத் தரம் மேம்படும் வகையில் பொருளாதார ரீதியாக அதிகாரம் அளிப்பதாகும்.\n27.03.2023 அன்று தமிழக முதல்வர், “கலைஞர் மகள் உரிமை திட்டம்” தொடங்குவதற்கான அறிவிப்பை வெளியிட்டு, “இந்த மகளிர் உரிமை மானியத் திட்டம்/ மகளிர் உரிமைத் தொகைத் திட்டம், வரலாற்றில் மகத்தானதாகப் பதிவு செய்யப்படும். தமிழகத்தில் சமூக நீதிக்காக செயல்படுத்தப்படும் திட்டங்களில், சுமார் ஒரு கோடி குடும்பத் தலைவிகளுக்கு மாதம் ஆயிரம் ரூபாய் வழங்கப்படும், இந்த வரலாற்றுச் சிறப்புமிக்க ‘கலைஞர் மகள் உரிமை திட்டம்’ உருவாக்கப்பட்டது.\nகலைஞர் மகளிர் உரிமைத் திட்டம் தமிழ்நாட்டில் வேறு சில பெயர்களிலும் அழைக்கப்படுகிறது:-\n\"கலைஞர் மகளிர் உரிமை திட்டம்\".\n\"கலைஞர் மகளிர் உரிமை தோகை திட்டம்\".\n\"தமிழ்நாடு மகளிர் உரிமை தோகை திட்டம்\".\n\"தமிழ்நாடு மகளிர் உரிமை நிதி\".\n\"தமிழ்நாடு பெண் கலைஞர்கள் அதிகாரமளிக்கும் திட்டம்\".\nஇத்திட்டத்தின் பெயர் தமிழக முன்னாள் முதல்வர் மறைந்த எஸ். கலைஞர் (கலைஞர்) என்று அழைக்கப்பட்டவர் மு. கருணாநிதி.கலைஞர் மகளிர் உரிமை திட்டம் திட்டத்தின் கீழ் தமிழக பெண்களுக்கு மாதாந்திர நிதியுதவி வழங்கப்படும்.\nமாதாந்திர நிதி உதவி ரூ. 1,000/- மாதம் ஒன்றுக்கு அதாவது ரூ. தமிழகத்தின் தகுதியுள்ள அனைத்து பெண்களுக்கும் ஆண்டுக்கு 12,000/- வழங்கப்படும்.\n21 வயது மற்றும் அதற்கு மேற்பட்ட வயதுடைய குடும்பத் தலைவிகள் இந்தத் திட்டத்தின் கீழ் மாதாந்திர நிதி உதவி பெறத் தகுதியுடையவர்கள்.\nகலைஞர் மகளிர் உரிமைத் திட்டத்திற்கான பதிவு தமிழக அரசால் தொடங்கப்பட்டது.\nதகுதியுடைய ஒவ்வொரு பெண் பயனாளியும் தங்களுக்கு அருகிலுள்ள பொது விநியோக நியாய விலைக் கடை/ ரேஷன் கடை/ முகாமுக்குச் சென்று இந்தத் திட்டத்தின் கீழ் பதிவு செய்து கொள்ளலாம்.\nகடையில் இருக்கும் தன்னார்வத் தொண்டர்கள், கலைஞர் மகள் உரிமைத் திட்டத்திற்கான விண்ணப்பப் படிவத்தைப் பூர்த்தி செய்ய பெண்களுக்கு உதவுவார்கள்.\nபேரறிஞர் அண்ணாவின் பிறந்தநாளான செப்டம்பர் 15, 2023 முதல் நிதியுதவி விநியோகம் தொடங்கும்.\nபெண் பயனாளிகள் மாவட்ட வாரியான பதிவு முகாமின் விவரங்களை கலைஞர் மகளிர் உரிமைத் திட்டப் பதிவுக்கான தேதிகளுடன் காணலாம்.\nகலைஞர் மகளிர் உரிமைத் திட்டம் குறித்த உறுதிச் செய்தி தங்களுக்கு வரவில்லை என்று பலர் புகார் அளித்துள்ளனர். அதனால் அவர்கள் அதைப் பற்றி கவலைப்பட வேண்டியதில்லை.\nகலைஞர் மகளிர் உரிமை திட்டம் திட்டத்தின் கீழ் அவர்களது பதிவு செய்யப்பட்டு, சரிபார்த்த பிறகு அவர்களுக்கு நிதியுதவி கிடைத்தது.\nபதிவு செய்யும் முகாம்களில் பதிவு செய்யும் போது பெற்ற ஒப்புகை ரசீதை பயனாளிகள் பத்திரப்படுத்த வேண்டும்.\nதற்போது தமிழ்நாடு கலைஞர் மகளிர் உரிமை திட்டம் என்ற அதிகாரப்பூர்வ இணையதளத்தை தமிழக அரசு தொடங்கியுள்ளது.\nபெண்கள் பயனாளிகள் மேலும் தகவலுக்கு அதிகாரப்பூர்வ இணையதளத்தைப் பார்வையிடவும் மற்றும் தமிழ்நாடு அரசின் கலைஞர் மகள் உரிமை திட்டம் திட்டத்திற்கான விண்ணப்பம் மற்றும் கட்டண நிலையைப் பார்க்கவும்.\nதேர்ந்தெடுக்கப்பட்ட அனைத்து பெண் பயனாளிகளுக்கும் தமிழ்நாடு அரசு SMS அனுப்புகிறது.\nஆனால் பல பெண்களுக்கு எஸ்எம்எஸ் வரவில்லை.\nகலைஞர் மகளிர் உரிமைத் திட்டம் அவர்களின் விண்ணப்பம் தற்காலிகமாக நிராகரிக்கப்படுகிறது.\nஆனால் அவர்கள் அதைப் பற்றி கவலைப்பட வேண்டியதில்லை.\nஎஸ்எம்எஸ் வந்த 30 நாட்களுக்குள் வருவாய் கோட்ட அலுவலர் அலுவலகத்தில் பெண் பயனாளிகள் மேல்முறையீடு செய்யலாம்.",
    "type": "description"
  },
  {
    "heading_en": "Benefits of Scheme",
    "heading_tl": "திட்டத்தின் நன்மைகள்",
    "type": "heading"
  },
  {
    "description_en": "Eligible Women Beneficiaries of Tamil Nadu will get the below mentioned monetary assistance per month under Kalaignar Magalir Urimai Thittam Scheme :-\nFinancial Assistance of Rs. 1,000/- per Month.",
    "description_tl": "கலைஞர் மகள் உரிமை திட்டம் திட்டத்தின் கீழ் தமிழகத்தின் தகுதியான பெண் பயனாளிகளுக்கு கீழே குறிப்பிடப்பட்டுள்ள பண உதவி மாதந்தோறும் கிடைக்கும்:-\nநிதி உதவி ரூ. 1,000/- மாதம்.",
    "type": "description"
  },
  {
    "heading_en": "Eligibility Criteria",
    "heading_tl": "தகுதி வரம்பு",
    "type": "heading"
  },
  {
    "description_en": "1. Women Beneficiary should be a Permanent Resident of Tamil Nadu.\n2. Women Beneficiary's Age should be above 21 Years.\n3. Annual Family Income of Women Beneficiary should not be more than Rs. 2,50,000/- per year.\n4. Land Holding of Women Beneficiary Family should be :-\n5. Not More than 5 Acre of Wetland. OR,\n6. Not More than 10 Acre of Wetland.\n7. The Annual Electricity Consumption of Women Beneficiary Family should be below 3,600 Units.\n8. If Unmarried Single Women, Maidservant and Transgenders are Head of Household then they are also eligible to apply.",
    "description_tl": "1. பெண் பயனாளிகள் தமிழ்நாட்டின் நிரந்தர குடியிருப்பாளராக இருக்க வேண்டும்.\n2. பெண் பயனாளியின் வயது 21 வயதுக்கு மேல் இருக்க வேண்டும்.\n3. பெண் பயனாளியின் குடும்ப ஆண்டு வருமானம் ரூ.க்கு மிகாமல் இருக்க வேண்டும். ஆண்டுக்கு 2,50,000/-.\n4. பெண் பயனாளி குடும்பத்தின் நிலம் இருக்க வேண்டும்:-\n5. ஈரநிலம் 5 ஏக்கருக்கு மேல் இல்லை. அல்லது,\n6. சதுப்பு நிலம் 10 ஏக்கருக்கு மேல் இல்லை.\n7. பெண் பயனாளி குடும்பத்தின் ஆண்டு மின் நுகர்வு 3,600 யூனிட்டுகளுக்கு குறைவாக இருக்க வேண்டும்.\n8. திருமணமாகாத ஒற்றைப் பெண்கள், பணிப்பெண்கள் மற்றும் திருநங்கைகள் குடும்பத் தலைவராக இருந்தால் அவர்களும் விண்ணப்பிக்க தகுதியுடையவர்கள்.",
    "type": "description"
  },
  {
    "heading_en": "Links",
    "heading_tl": "இணைப்புகள்",
    "type": "heading"
  },
  {
    "link_1": "<a href=\"https://govtschemes.in/tamil-nadu-kalaignar-magalir-urimai-thittam-scheme?page=1#gsc.tab=0\">https://govtschemes.in/tamil-nadu-kalaignar-magalir-urimai-thittam-scheme?page=1#gsc.tab=0</a>",
    "link_2": "<a href=\"https://kmut.tn.gov.in/\">https://kmut.tn.gov.in/</a>",
    "type": "link"
  }
]