[
  {
    "heading_en": "Department Profile",
    "heading_tl": "துறை சுயவிவரம்",
    "type": "heading"
  },
  {
    "image": "https://static.mygov.in/media/blog/2020/12/Bannercmst-2048x683.jpg",
    "type": "image"
  },
  {
    "description_en": "Tamil Nadu has always been a pioneer in the implementation of welfare schemes for all sections of socially disadvantaged groups.\n\nIn order to provide effective rehabilitation services to the differently abled persons, during 1993, a separate Directorate for the Rehabilitation of the Differently Abled Persons was formed by bifurcating the Directorate of Social Welfare. A comprehensive State Policy for the Welfare of the Differently Abled Persons was released first time by this Government during 1994. As per the provisions of the Persons with Disabilities (Equal opportunities, Protection of Rights and Full Participation) Act, 1995, this Directorate was upgraded as Office of the State Commissioner for the Differently Abled during 1999 and a Officer in the cadre of Indian Administrative Service was appointed as a State Commissioner for the Differently Abled Persons.\n\nWith a view to eliminate the social view attached to the description of persons based on their disability namely physically handicapped, blind, deaf etc., it was announced by the Government to refer to them as Differently Abled Persons. For the Welfare of the differently abled persons a separate administrative department was formed at the Secretariat, ie. Welfare of the Differently Abled Persons Department.\n\nAwareness is being spreaded among public to accept them as natural partners of growth and provide them access to various services and equal participation in social life to form an inclusive society.\n\nThe Government of Tamil Nadu through various policies and initiatives have extended full support to the Differently Abled Persons in their pursuit of full and equal involvement in every aspect of society. Various schemes have been announced by the Government to make sure that the differently abled persons are in equal status with Society.\n\nThe thrust areas of Government are as follows\n\n1)Prevention of disabilities\n\n2)Early detection and intervention\n\n3)Rehabilitation measures\n\n4)Providing Special Education\n\n5)Development of professionals for rehabilitation\n\n6)Provision for assistive devices\n\n7)Education and economic empowerment including self-employment\n\n8)Formation of barrier free environment Social security.",
    "description_tl": "மாற்றுத் திறனாளிகளுக்கான நல்த்திட்டங்களை சிறப்பாக செயல்படுத்த 1993ஆம் ஆண்டில் ஊனமுற்றோருக்கான தனி இயக்ககம் சமூக நல இயக்ககத்திலிருந்து பிரித்து ஏற்படுடுத்தப்பட்டது. 1994 ஆம் ஆண்டு முதன் முறையாக மாற்றுத் திறனாளிகளுக்கான விரிவான மாநிலக் கொள்கையை இவ்வரசு வெளியிட்டது.\n\nஇத்துறை, மாற்று திறனாளிகள் (சமவாய்ப்புகள், உரிமைகள் பாதுகாப்பு மற்றும் முழு பங்கேற்பு) சட்டம், 1995-ன் படி ஊனமுற்றோருக்கான மாநில ஆணையர் அலுவலகமாக 1999 ஆம் ஆண்டு நிலை உயர்த்தப்பட்டு, இந்திய ஆட்சிப் பணி நிலையிலுள்ள உயர் அலுவலர் ஊனமுற்றோருக்கான மாநில ஆணையாக நியமிக்கப்பட்டார்.\n\nமாற்றுத் திறனாளிகளுக்குள்ள தனிப்பட்ட திறமைகளைக் கருத்தில் கொண்டு, அவர்களை உடல் ஊனமுற்றோர், குருடர், செவிடர் என்று அழைப்பதைத் தவிர்த்து அவர்கள் மீது சமுதாயம் கொண்டுள்ள கண்ணோட்டத்தை மாற்றுவதற்கென இனி அவர்களை மாற்றுத் திறனாளிகள் என அழைக்க வேண்டும் என அரசு அறிவித்துள்ளது. தமிழக அரசால் மாற்றுத் திறனாளிகள் நலனுக்கென சமீபத்தில் தலைமைச் செயலகத்தில் மாற்றுத் திறனாளிகள் நலத்துறை என தனியாக ஒரு நிர்வாகத் துறை துவக்கப்பட்டது.\n\nமாற்றுத் திறனாளிகள் சமுதாயத்தில் ஒரு அங்கமாக அனைவரும் ஏற்கவும், சமுதாய வளர்ச்சியில் மாற்றுத் திறனாளிகளும் பங்கேற்பதற்கு சம வாய்ப்புகளை ஏற்படுத்தித் தருவதற்கும், அவர்களின் முழுபங்கேற்பை உறுதி செய்வதற்கும் உரிய விழிப்புணர்வை இவ்வரசு ஏற்படுத்தி வருகிறது.\n\nசமுதாயத்தில் ஒவ்வொரு நடவடிக்கையிலும் சமமாக ஈடுபடுவதற்கு மாற்றுத் திறனாளிகளுக்கு முழுவதுமாக உதவும் வகையில் தமிழக அரசு அவர்களுக்கென பல கொள்கைகளை வகுத்தும், திட்டங்களைத் தீட்டியும், அமல்படுத்தி வருகிறது. ஏனைய மக்களுக்கு இணையாக மாற்றுத் திறனாளிகள் வாழவேண்டும் என்பதை உறுதி செய்யவென அரசால் பல திட்டங்கள் அறிவிக்கப்பட்டுள்ளன.\n\nஅரசின் முன்னுரிமைத் திட்டங்கள் பின்வருமாறு\n\n1.அவயங்கள் மற்றும் அதன் செயல்பாட்டுக் குறைபாடுகள் ஏற்படுவதைத் தடுத்தல்\n\n2.ஆரம்ப நிலையிலேயே கண்டறிந்து சிகிச்சை அளித்தல்\n\n3.மறுவாழ்வுப் பணிகளை மேற்கொள்ளுதல்\n\n4.சிறப்புக் கல்வி அளித்தல்\n\n5.மறுவாழ்வுப் பணிகளுக்கென நிபுணர்களை ஆயத்தம் செய்தல் / தயார்படுத்தல்\n\n6.உதவி உபகரணங்களை வழங்குதல்\n\n7.கல்வி மற்றும் சுயவேலை வாய்ப்பு உள்ளிட்ட பொருளாதார மேம்பாடு அடையச் செய்தல்\n\n8.தடையற்ற சூழ்நிலையை ஏற்படுத்துதல்\n\n9.சமூகப் பாதுகாப்பு",
    "type": "description"
  },
  {
    "heading_en": "Links",
    "heading_tl": "இணைப்புகள்",
    "type": "heading"
  },
  {
    "link_1": "<a href=\"https://www.tn.gov.in/department/35\">https://www.tn.gov.in/department/35</a>",
    "link_2": "",
    "type": "link"
  }
]