[
  {
    "heading_en": "Description",
    "heading_tl": "விளக்கம்",
    "type": "heading"
  },
  {
    "image": "https://www.tnskill.tn.gov.in/wp-content/uploads/2022/03/tn_logo_2.png",
    "type": "image"
  },
  {
    "description_en": "1. TAMILNADU SKILL DEVELOPMENT CORPORATION\nTamil Nadu Skill Development Corporation (TNSDC) was formed with an objective to provide demand-based and industry-relevant skills to the youth to enhance their employability and transform the State into the skill hub of India.\nTNSDC is the Nodal Agency for the skill development related activities in the State and it aims to converge the activities of various stakeholders including industries, industrial associations, training partners, sector skill councils, assessment agencies apart from various other State and Central Government bodies. TNSDC strives to ensure placement oriented quality skill training by empanelling private and Government training partners.\n\n2. Implementation Of National Skill Qualification Framework (NSQF)\nIn order to have uniform curriculum standards throughout the State and the country, TNSDC strictly adheres to the National Skill Qualification Framework (NSQF) approved job roles and other standard parameters like course duration, quality standards, assessment methodology and payment milestones based on common norms approved by Ministry of Skill Development and Entrepreneurship, Government of India. The Qualification Packs(QP) notified by National Skill Development Corporation(NSDC) are followed for imparting training programs with a focus on ensuring a minimum 70 percent placement for all successfully trained and certified candidates.\n\n3. Independent Assessment And Certification Of Training Programmes\nIn order to ensure the quality of training programmes, third-party independent assessment, as well as certification, is being done by State Council of Vocational Training (SCVT) and the concerned Sector Skill Council (SSC). This paves way for a fair and unbiased assessment and certification process.\n\n4. TN Skill Registry\nOn completion of training, successful candidates are part of the TN Skill Registry which will be the state repository of skilled candidates and accessible to the private employers who have registered in the TN Private Job Portal. This will ensure the trainees who have undergone short term skill training are immediately employed.",
    "description_tl": "1. தமிழ்நாடு திறன் மேம்பாட்டுக் கழகம்\nதமிழ்நாடு திறன் மேம்பாட்டுக் கழகம் (TNSDC) இளைஞர்களுக்கு அவர்களின் வேலைவாய்ப்பை மேம்படுத்தவும், மாநிலத்தை இந்தியாவின் திறன் மையமாக மாற்றவும் தேவை அடிப்படையிலான மற்றும் தொழில் சார்ந்த திறன்களை வழங்கும் நோக்கத்துடன் உருவாக்கப்பட்டது.\nமாநிலத்தின் திறன் மேம்பாடு தொடர்பான நடவடிக்கைகளுக்கான நோடல் ஏஜென்சி TNSDC ஆகும், மேலும் இது பல்வேறு மாநில மற்றும் மத்திய அரசு அமைப்புகளைத் தவிர தொழில்கள், தொழில்துறை சங்கங்கள், பயிற்சி பங்குதாரர்கள், துறை திறன் கவுன்சில்கள், மதிப்பீட்டு முகமைகள் உள்ளிட்ட பல்வேறு பங்குதாரர்களின் செயல்பாடுகளை ஒருங்கிணைப்பதை நோக்கமாகக் கொண்டுள்ளது. TNSDC ஆனது தனியார் மற்றும் அரசு பயிற்சி கூட்டாளர்களை பணியமர்த்துவதன் மூலம் வேலை வாய்ப்பு சார்ந்த தரமான திறன் பயிற்சியை உறுதி செய்ய முயற்சிக்கிறது.\n\n2. தேசிய திறன் தகுதி கட்டமைப்பை (NSQF) செயல்படுத்துதல்\nமாநிலம் மற்றும் நாடு முழுவதும் ஒரே மாதிரியான பாடத்திட்டத் தரங்களைக் கொண்டிருப்பதற்காக, TNSDC தேசிய திறன் தகுதிக் கட்டமைப்பை (NSQF) அங்கீகரிக்கப்பட்ட பணிப் பாத்திரங்கள் மற்றும் பாடநெறி காலம், தரத் தரநிலைகள், மதிப்பீட்டு முறை மற்றும் பொதுவான விதிமுறைகளின் அடிப்படையில் செலுத்தும் மைல்கற்கள் போன்ற பிற நிலையான அளவுருக்களைக் கண்டிப்பாகப் பின்பற்றுகிறது. இந்திய அரசின் திறன் மேம்பாடு மற்றும் தொழில்முனைவோர் அமைச்சகத்தால். தேசிய திறன் மேம்பாட்டுக் கழகம் (NSDC) அறிவித்துள்ள தகுதித் தொகுப்புகள் (QP) பயிற்சித் திட்டங்களை வழங்குவதற்குப் பின்பற்றப்பட்டு, வெற்றிகரமான பயிற்சி பெற்ற மற்றும் சான்றளிக்கப்பட்ட அனைத்து விண்ணப்பதாரர்களுக்கும் குறைந்தபட்சம் 70 சதவீத வேலை வாய்ப்பை உறுதி செய்வதில் கவனம் செலுத்துகிறது.\n\n3. பயிற்சித் திட்டங்களின் சுயாதீன மதிப்பீடு மற்றும் சான்றிதழ்\nபயிற்சித் திட்டங்களின் தரத்தை உறுதி செய்வதற்காக, மூன்றாம் தரப்பு சுயாதீன மதிப்பீடு மற்றும் சான்றிதழும், மாநில தொழிற்பயிற்சி கவுன்சில் (SCVT) மற்றும் சம்பந்தப்பட்ட துறை திறன் கவுன்சில் (SSC) மூலம் செய்யப்படுகிறது. இது நியாயமான மற்றும் பாரபட்சமற்ற மதிப்பீடு மற்றும் சான்றிதழ் செயல்முறைக்கு வழி வகுக்கிறது.\n\n4. TN Skill Registry\nபயிற்சியின் முடிவில், வெற்றிகரமான விண்ணப்பதாரர்கள் TN திறன் பதிவேட்டின் ஒரு பகுதியாக இருப்பார்கள், இது திறமையான விண்ணப்பதாரர்களின் மாநில களஞ்சியமாக இருக்கும் மற்றும் TN தனியார் வேலை போர்ட்டலில் பதிவு செய்துள்ள தனியார் முதலாளிகளுக்கு அணுகக்கூடியதாக இருக்கும். இதன் மூலம் குறுகிய கால திறன் பயிற்சி பெற்ற பயிற்சியாளர்கள் உடனடியாக பணியில் அமர்த்தப்படுவார்கள்.",
    "type": "description"
  },
  {
    "heading_en": "Schemes",
    "heading_tl": "திட்டங்கள்",
    "type": "heading"
  },
  {
    "description_en": "1. Short Term Skill Training\n2. Recognition of Prior Learning\n3. PMKVY\n4. SANKALP\n5. TNAPEX\n6. MSME Skill Training and Employment Scheme",
    "description_tl": "1. குறுகிய கால திறன் பயிற்சி\n2. முன்கற்ற திறனை அங்கீகரித்தல்\n3. பி.எம்.கே.வி.ஒய்\n4. சங்கல்ப்\n5. TNAPEX\n6. MSME திறன் பயிற்சி மற்றும் வேலைவாய்ப்பு திட்டம்",
    "type": "description"
  },
  {
    "heading_en": "Links",
    "heading_tl": "இணைப்புகள்",
    "type": "heading"
  },
  {
    "link_1": "<a href=\"https://www.tnskill.tn.gov.in/\">https://www.tnskill.tn.gov.in/</a>",
    "link_2": "",
    "type": "link"
  }
]