[
  {
    "heading_en": "Description",
    "heading_tl": "விளக்கம்",
    "type": "heading"
  },
  {
    "image": "https://tnschools.gov.in/assets/images/banner/Missionbanner.png",
    "type": "image"
  },
  {
    "description_en": "The Government of Tamil Nadu accords the highest priority to providing quality education to the citizens of tomorrow. Education is the gateway to a better future for today’s children and it is the formative years of school education that lay the foundation for their future wellbeing. It is the primary objective of the state to provide quality, accessible and inclusive education to all its children, and to this end, the government has provided the highest budgetary allocation of Rs.32,599.54 crore for the year 2021-22 for school education.",
    "description_tl": "நாளைய குடிமக்களுக்கு தரமான கல்வியை வழங்குவதற்கு தமிழக அரசு அதிக முன்னுரிமை அளிக்கிறது. இன்றைய குழந்தைகளின் சிறந்த எதிர்காலத்திற்கான நுழைவாயில் கல்வியாகும், மேலும் பள்ளிக் கல்வியின் ஆரம்ப வருடங்களே அவர்களின் எதிர்கால நல்வாழ்வுக்கு அடித்தளம் அமைக்கின்றன. அனைத்து குழந்தைகளுக்கும் தரமான, அணுகக்கூடிய மற்றும் உள்ளடக்கிய கல்வியை வழங்குவதே மாநிலத்தின் முதன்மை நோக்கமாகும், மேலும் இந்த நோக்கத்திற்காக, பள்ளிக் கல்விக்காக 2021-22 ஆம் ஆண்டிற்கான அதிக பட்ஜெட் ஒதுக்கீடான ரூ.32,599.54 கோடியை அரசாங்கம் வழங்கியுள்ளது.",
    "type": "description"
  },
  {
    "description_en": "The focus of the Government in School Education will be to ensure that enrolment of all school age children is achieved in total, to ensure complete retention of all enrolled children right upto the secondary level, to bring drop-outs to zero, to improve the learning outcomes among children as appropriate to their age and level, to empower teachers by effective and useful training, to leverage the power of technology in the teaching-learning process, to provide foundational literacy and numeracy skills to all students, to improve basic amenities in schools, and to equip children with new-age skills and to ensure their safety and wellbeing, especially given the new-normal set by COVID. The various Directorates under the Department of School Education are responsible for fulfilling the aforementioned objectives of the Government. The main wings of the Department are the Directorate of Elementary Education, the Directorate of School Education, Directorate of Matriculation Schools, Samagra Shiksha, Directorate of Non-Formal and Adult Education and are supported by organisations such as State Council for Education, Research and Training(SCERT), Directorate of Government Examinations, Directorate of Public Libraries, Teachers Recruitment Board and the Tamil Nadu Textbook and Educational Services Corporation.",
    "description_tl": "பள்ளிக் கல்வியில் அரசு கவனம் செலுத்துவது, அனைத்துப் பள்ளி வயதுக் குழந்தைகளின் சேர்க்கையை ஒட்டுமொத்தமாக அடைவதை உறுதி செய்வதாகவும், அனைத்துப் பதிவு செய்யப்பட்ட குழந்தைகளையும் இரண்டாம் நிலை வரை முழுமையாகத் தக்கவைத்துக்கொள்வதை உறுதி செய்யவும், இடைநிற்றலை பூஜ்ஜியத்திற்குக் கொண்டு வரவும், கற்றலை மேம்படுத்தவும். குழந்தைகளிடையே அவர்களின் வயது மற்றும் நிலைக்குத் தகுந்த முடிவுகள், பயனுள்ள மற்றும் பயனுள்ள பயிற்சியின் மூலம் ஆசிரியர்களை மேம்படுத்துதல், கற்பித்தல்-கற்றல் செயல்பாட்டில் தொழில்நுட்பத்தின் சக்தியைப் பயன்படுத்துதல், அனைத்து மாணவர்களுக்கும் அடிப்படை கல்வியறிவு மற்றும் எண்ணியல் திறன்களை வழங்குதல், பள்ளிகளில் அடிப்படை வசதிகளை மேம்படுத்துதல் , மற்றும் புதிய வயது திறன்களைக் கொண்ட குழந்தைகளைச் சித்தப்படுத்துதல் மற்றும் அவர்களின் பாதுகாப்பு மற்றும் நல்வாழ்வை உறுதிப்படுத்துதல், குறிப்பாக COVID-ஆல் புதிய-சாதாரணத் தொகுப்பைக் கொடுக்கிறது. பள்ளிக் கல்வித் துறையின் கீழ் உள்ள பல்வேறு இயக்குனரகங்கள் அரசின் மேற்கூறிய நோக்கங்களை நிறைவேற்றும் பொறுப்பு வகிக்கின்றன. இத்துறையின் முக்கிய பிரிவுகள் தொடக்கக் கல்வி இயக்ககம், பள்ளிக் கல்வி இயக்ககம், மெட்ரிகுலேஷன் பள்ளிகளின் இயக்குநரகம், சமக்ரா ஷிக்ஷா, முறைசாரா மற்றும் வயது வந்தோர் கல்வி இயக்குநரகம் மற்றும் கல்வி, ஆராய்ச்சி மற்றும் பயிற்சிக்கான மாநில கவுன்சில் போன்ற அமைப்புகளால் ஆதரிக்கப்படுகின்றன. (SCERT), அரசுத் தேர்வுகள் இயக்குநரகம், பொது நூலகங்களின் இயக்குநரகம், ஆசிரியர் ஆட்சேர்ப்பு வாரியம் மற்றும் தமிழ்நாடு பாடநூல் மற்றும் கல்விப் பணிகள் கழகம்.",
    "type": "description"
  },
  {
    "description_en": "School Education is a critical phase in every student’s life as it lays the foundation of the future of an individual and creates avenues for both higher education and employment opportunities. Tamil Nadu has always been a pioneer in the field of education in India by providing quality and inclusive education to all its children along with the necessary infrastructure in all schools. The vision of the department is to provide universal access to schools and to promote holistic development by providing quality education to each student. Our education system focuses not only on imparting subject oriented knowledge to students but also life oriented skills to equip them to face real life challenges.",
    "description_tl": "பள்ளிக் கல்வி என்பது ஒவ்வொரு மாணவரின் வாழ்க்கையிலும் ஒரு முக்கியமான கட்டமாகும், ஏனெனில் இது ஒரு தனிநபரின் எதிர்காலத்தின் அடித்தளத்தை அமைக்கிறது மற்றும் உயர்கல்வி மற்றும் வேலை வாய்ப்புகளுக்கான வழிகளை உருவாக்குகிறது. அனைத்து பள்ளிகளிலும் தேவையான உள்கட்டமைப்புகளுடன் அனைத்து குழந்தைகளுக்கும் தரமான மற்றும் உள்ளடக்கிய கல்வியை வழங்குவதன் மூலம் இந்தியாவிலேயே கல்வித் துறையில் தமிழ்நாடு எப்போதும் முன்னோடியாக இருந்து வருகிறது. பள்ளிகளுக்கு உலகளாவிய அணுகலை வழங்குவது மற்றும் ஒவ்வொரு மாணவருக்கும் தரமான கல்வியை வழங்குவதன் மூலம் முழுமையான வளர்ச்சியை மேம்படுத்துவது என்பது துறையின் பார்வை. எங்கள் கல்வி முறை மாணவர்களுக்கு பாடம் சார்ந்த அறிவை வழங்குவதோடு மட்டுமல்லாமல், நிஜ வாழ்க்கை சவால்களை எதிர்கொள்ள அவர்களைச் சித்தப்படுத்துவதற்கான வாழ்க்கை சார்ந்த திறன்களையும் வழங்குவதில் கவனம் செலுத்துகிறது.",
    "type": "description"
  },
  {
    "heading_en": "Department Profile",
    "heading_tl": "துறை சுயவிவரம்",
    "type": "heading"
  },
  {
    "description_en": "Education is the process by which a society transmits its accumulated knowledge skills and values from one generation to another. Education must provide the means and opportunities to enhance the childs creative expression and the capacity for aesthetic appreciation. Education gives knowledge about the world around us. It makes children capable of interpreting things in the right perspective.\n\nVision\n\nTo achieve universalisation of education at both elementary and secondary levels by providing burden less quality education through joyful learning and to provide basic infrastructure coupled with safety and security for the well being of the children.\n\nObjectives\n\nTo provide universal access, equity, quality at primary, upper primary, secondary and higher secondary level.\n\nTo strive for all round development of the child. To evolve curriculum and evaluation procedures in conformity with the values enshrined in the Constitution.\n\nTo build the childs knowledge, potential talent and develop the childs physical and mental abilities to the fullest extent.\n\nTo provide required infrastructure to ensure the comfort of each and every child in school. To provide a conducive learning environment through learning activities, discovery and exploration in a child friendly and child centred manner.\n\nTo provide quality education as far as possible in the childs own mother tongue.\n\nTo provide abundant opportunities for the child to express itself without any fear.\n\nTo make examinations more flexible and integrated in classroom life by implementing continuous and comprehensive evaluation in phases, to remove the anxiety and stress caused by terminal examinations.",
    "description_tl": "கல்வியானது, சமூகத்தில் குவிந்திருக்கும் அறிவுத்திறன் மற்றும் பண்புகளை ஒரு தலைமுறையிலிருந்து அடுத்த தலைமுறைக்குக் கொண்டு சேர்க்கும் ஒரு வழிமுறையாகும். கல்வியானது குழந்தைகளின் படைப்புத் திறனையும், அழகுணர்ச்சியையும் அதிகரிக்கச் செய்வதற்கான வழிமுறைகளையும், வாய்ப்புகளையும் ஏற்படுத்த வேண்டும். கல்வி நம்மைச் சூழ்ந்துள்ள உலகியல் அறிவை வளர்க்கிறது. மேலும் கல்வி, அனைத்து விவரங்களையும் பகுப்பாய்வு செய்து சரியான முறையில் புரிந்துகொள்ளும் ஆற்றலைக் குழந்தைகளுக்கு அளிக்கிறது.\n\nதொலைநோக்கு தரமான கல்வியை எளிதாக, மகிழ்ச்சியான சூழ்நிலையில், தொடக்கநிலை மற்றும் இடைநிலைகளில் சுமையில்லாம்ல அனைத்துக் குழந்தைகளும் பெறுவதற்கு வழிவகுத்தல் மற்றும் குழந்தைகளின் நலனிற்காகப் பாதுகாப்புடன் கூடிய அடிப்படை உட்கட்டமைப்பு வசதிகளை ஏற்படுத்துதல்.\n\nகுறிக்கோள்கள்\n\n1. அனைவரும் எளிதாக அடையும் வண்ணம் சமமான, தரமான கல்வியை தொடக்கநிலை, நடுநிலை, உயர்நிலை மற்றும் மேல்நிலையில் அளித்தல்.\n\n2. மாணவர்கள் அனைத்து வகைகளிலும் முழுமையான வளர்ச்சி அடையப் பாடுபடுதல்.\n\n3. அரசியலமைப்புச் சட்டத்தில் குறிப்பிட்டுள்ள பண்புகளுக்கேற்ப கலைத்திட்டத்தையும் மதிப்பீட்டு முறைகளையும் அமைத்தல்.\n\n4. மாணவர்களின் அறிவுத்திறன், செயலாற்றல் ஆகியவற்றை ஊக்குவித்து வளரச் செய்து, அவர்களது உடல் மற்றும் சிந்திக்கும் திறன்களை முழு அளவில் வெளிக் கொணரல்.\n\n5. பள்ளியில் பயிலும் ஒவ்வொரு மாணவரும் பயன்பெறும் வண்ணம் உட்கட்டமைப்பு வசதிகளை ஏற்படுத்ததல்.\n\n6. மகிழ்ச்சியான கற்றல் சூழ்நிலையைக் கற்றல் பயிற்சிகள், தானே அறிதல் மற்றும் ஆழ்ந்து ஆராய்தல் ஆகியவற்றின் மூலம் உருவாக்கி மாணவரை மையப்படுத்தி எளிய முறையில் கல்வியை வழங்குதல்.\n\n7. தரமான கல்வியை இயன்றவரையில் மாணவர்களின் தாய்மொழியிலேயே வழங்குதல்.\n\n8. மாணவர்கள் தங்களது எண்ணங்களை அச்சமின்றி வெளிப்படுத்துவதற்கு அளவற்ற வாய்ப்புகளை வழங்குதல்.\n\n9. ஆண்டுத் தேர்வில் எளிய நெகிழ்வுத் தன்மையுடன், வகுப்பறையில் கற்றவற்றை உள்ளடக்கிய முறையில், ஒவ்வொரு பருவத்தின் தொடர் மற்றும் கூட்டு மதிப்பீட்டுடன், மாணவர்களிடையே எவ்வித கவலையோ, அச்சமோ, மன அழுத்தமோ ஏற்படுத்தாத வகையில் அமையச் செய்தல்.\n\n10. மாணவர்கள் கற்றவற்றை வெளியுலக நிகழ்வுகளோடு தொடர்புபடுத்தி அறியும் ஆற்றலை உருவாக்குதல்.\n\n11. கற்றல் என்பது பாடங்களை மனம் மட்டுமே செய்யும் முறையில் இருந்து வேறுபடச் செய்தல்.\n\n12. நாட்டின் குடியரசு அமைப்பின் கீழ் உள்ள சமூகப் பிரச்சனைகளைக் களைவதற்கு அடையாளம் காணும் ஆற்றலை மாணவர்களிடையே ஏற்படுத்துதல்.\n\nபள்ளிக் கல்வித் துறையானது தொலைநோக்குப் பார்வை மற்றும் குறிக்கோள்களை அடைவதற்கும், மேலும் அனைவருக்கும் தரமான கல்வி வழங்குவதற்கும் பள்ளிக் கல்வி இயக்ககம், தொடக்கக் கல்வி இயக்ககம், மெட்ரிகுலேஷன் பள்ளிகள் இயக்ககம், அரசுத் தேர்வுகள் இயக்ககம் ஆசிரியர் கல்வி, ஆராய்ச்சி மற்றும் பயிற்சி இயக்ககம், பள்ளிசாரா மற்றும் வயதுவந்தோர் கல்வி இயக்ககம் மற்றும் பொது நூலகங்கள் இயக்ககம் ஆகியவற்றின் உதவியுடன் இயங்குகிறது. பள்ளிக் கல்வித் துறையானது இரு பெரும் கல்வித் திட்டங்களான அனைவருக்கும் கல்வித் திட்டம் (SSA) மற்றும் அனைவருக்கும் இடைநிலைக் கல்வித் திட்டம் (RMSA) ஆகிய திட்டங்களின் துணையுடன் சீரிய முறையில் செயல்படுகிறது. ஆசிரியர் தேர்வு வாரியம் மற்றும் தமிழ்நாட்டுப் பாடநூல் கழகம் ஆகியவை முறையே ஆசிரியர்களைத் தேர்வு செய்வதற்கும், பாடப்புத்தகங்கள் அச்சிடுவதற்கும் பெருமளவில் உதவுகின்றன.",
    "type": "description"
  },
  {
    "heading_en": "Links",
    "heading_tl": "இணைப்புகள்",
    "type": "heading"
  },
  {
    "link_1": "<a href=\"https://www.tn.gov.in/department/28\">https://www.tn.gov.in/department/28</a>",
    "link_2": "<a href=\"https://tnschools.gov.in/missions\">https://tnschools.gov.in/missions</a>",
    "type": "link"
  }
]