[
  {
    "heading_en": "Description",
    "heading_tl": "விளக்கம்",
    "type": "heading"
  },
  {
    "image": "https://2.bp.blogspot.com/-R_ZoQBLtE4s/VNx_G8BkWZI/AAAAAAAAF7k/mFNpKPrswqU/s1600/Anna.jpg",
    "type": "image"
  },
  {
    "description_en": "Anna University was established on 4th September, 1978 as a unitary type of University. This University was named after Late Dr.C.N.Annadurai, former Chief Minister of Tamil Nadu. It offers higher education in Engineering, Technology, Architecture and Applied Sciences relevant to the current and projected needs of the society. Besides promoting research and disseminating knowledge gained therefrom, it fosters cooperation between the academic and industrial communities.\n\nThe University was formed by bringing together and integrating four well known technical institutions in the city of Madras (now Chennai) namely,\n\n1. College of Engineering (CEG) (Established in 1794)\n2. Alagappa College of Technology (ACT) (Established in 1944)\n3. Madras Institute of Technology (MIT) (Established in 1949)\n4. School of Architecture & Planning (SAP) (Established in 1957)",
    "description_tl": "அண்ணா பல்கலைக்கழகம் 1978 ஆம் ஆண்டு செப்டம்பர் 4 ஆம் தேதி ஒரு ஒற்றைப் பல்கலைக்கழகமாக நிறுவப்பட்டது. இப்பல்கலைக்கழகம் தமிழகத்தின் முன்னாள் முதலமைச்சர் மறைந்த டாக்டர் சி.என்.அண்ணாதுரை நினைவாகப் பெயரிடப்பட்டது. இது சமூகத்தின் தற்போதைய மற்றும் திட்டமிடப்பட்ட தேவைகளுக்குப் பொருத்தமான பொறியியல், தொழில்நுட்பம், கட்டிடக்கலை மற்றும் பயன்பாட்டு அறிவியல் ஆகியவற்றில் உயர் கல்வியை வழங்குகிறது. ஆராய்ச்சியை ஊக்குவிப்பது மற்றும் அதிலிருந்து பெறப்பட்ட அறிவைப் பரப்புவது தவிர, கல்வி மற்றும் தொழில்துறை சமூகங்களுக்கு இடையே ஒத்துழைப்பை வளர்க்கிறது.\n\nமெட்ராஸ் நகரில் (இப்போது சென்னை) நான்கு நன்கு அறியப்பட்ட தொழில்நுட்ப நிறுவனங்களை ஒன்றிணைத்து ஒருங்கிணைத்து பல்கலைக்கழகம் உருவாக்கப்பட்டது.\n\n1. பொறியியல் கல்லூரி (CEG) (1794 இல் நிறுவப்பட்டது)\n2. அழகப்பா தொழில்நுட்பக் கல்லூரி (ACT) (1944 இல் நிறுவப்பட்டது)\n3. மெட்ராஸ் இன்ஸ்டிடியூட் ஆப் டெக்னாலஜி (எம்ஐடி) (1949 இல் நிறுவப்பட்டது)\n4. கட்டிடக்கலை மற்றும் திட்டமிடல் பள்ளி (SAP) (1957 இல் நிறுவப்பட்டது)",
    "type": "description"
  },
  {
    "heading_en": "Departments",
    "heading_tl": "துறைகள்",
    "type": "heading"
  },
  {
    "description_en": "1. Civil Engineering\n2. Chemistry\n3. Computer Science and Engineering\n4. Electrical and Electronics Engineering\n5. Electronics and Communication Engineering\n6. English\n7. Geology\n8. Information science and technology\n9. Industrial Engineering\n10. Mathematics\n11. Manufacturing Engineering\n12. Management Studies\n13. Mechanical Engineering\n13. Media Sciences\n14. Medical Physics\n15. Mining Engineering\n16. Physics",
    "description_tl": "1. சிவில் இன்ஜினியரிங்\n2. வேதியியல்\n3. கணினி அறிவியல் மற்றும் பொறியியல்\n4. எலக்ட்ரிக்கல் மற்றும் எலக்ட்ரானிக்ஸ் இன்ஜினியரிங்\n5. எலக்ட்ரானிக்ஸ் மற்றும் கம்யூனிகேஷன் இன்ஜினியரிங்\n6. ஆங்கிலம்\n7. புவியியல்\n8. தகவல் அறிவியல் மற்றும் தொழில்நுட்பம்\n9. தொழில்துறை பொறியியல்\n10. கணிதம்\n11. உற்பத்தி பொறியியல்\n12. மேலாண்மை ஆய்வுகள்\n13. இயந்திர பொறியியல்\n13. ஊடக அறிவியல்\n14. மருத்துவ இயற்பியல்\n15. சுரங்க பொறியியல்\n16. இயற்பியல்",
    "type": "description"
  },
  {
    "heading_en": "Links",
    "heading_tl": "இணைப்புகள்",
    "type": "heading"
  },
  {
    "link_1": "<a href=\"https://www.annauniv.edu/\">https://www.annauniv.edu/</a>",
    "link_2": "",
    "type": "link"
  }
]